,Unnamed: 0,Oración 1,Oración 2,Similitud
0,0.0,en japón se emplea una variedad de arroz denominada koshihikari su capacidad para compactarse se encuentra en la tipología de los arroces glutinosos.,"ej japón usan un tipo de arroz que se llama koshihikari, cuya mayor característica es que se compacta; es decir que es arroz glutinoso.",0.6290040016174316
1,1.0,en la actualidad se procura mejorar las variedades de arroz empleados en la elaboración del sushi.,ahora para hacer el sushi se intenta enriquecer las distintas variedades del arroz.,0.7078461647033691
2,2.0,en la actualidad se procura mejorar las variedades de arroz empleados en la elaboración del sushi.,"hoy en día, tratamos de que loa arroces que se usan sean mejores.",0.7234930992126465
3,3.0,"este tipo de arroz es ideal para la elaboración del sushi, pero es reciente en la historia del sushi ya que fue creado en 1956, por la combinación de dos cepas diferentes de nourin no.1 y nourin no.22.","ese arroz es el mejor para hacer sushi, sin embargo apenas hace una años se utiliza para cocinarlo, esto desde 1956, cuando se combinaron las cepas del nourin 1 y nourin 22 que son cepas del arroz.",0.740409255027771
4,4.0,el concepto del sushi empezó a ser conocido en california.,el sushi apareció en la vida californiana.,0.794443666934967
5,5.0,el concepto del sushi empezó a ser conocido en california.,el sushi se empezó a conocer en california.,0.8014447093009949
6,6.0,en la actualidad se procura mejorar las variedades de arroz empleados en la elaboración del sushi.,actualmente se desea mejorar las variedades de arroz para el sushi.,0.8057246804237366
7,7.0,"este tipo de arroz es ideal para la elaboración del sushi, pero es reciente en la historia del sushi ya que fue creado en 1956, por la combinación de dos cepas diferentes de nourin no.1 y nourin no.22.",en 1956 se creó el arroz perfecto para hacer el sushi por la mezcla de dos cepas distintas.,0.8292201161384583
8,8.0,de esta forma en 1910 casi cerca de cuarenta mil japoneses inmigran a estados unidos para trabajar en la construcción de las líneas ferroviarias.,en 1910 cerca de 40 mil japoneses se van a eeuu para construir vías ferroviarias.,0.841235876083374
9,9.0,"este tipo de arroz es ideal para la elaboración del sushi, pero es reciente en la historia del sushi ya que fue creado en 1956, por la combinación de dos cepas diferentes de nourin no.1 y nourin no.22.",en 1956 se creó el arroz perfecto para hacer el sushi por la mezcla de dos cepas distintas de nourin no.1 y nourin no. 22.,0.8498851656913757
10,10.0,en japón se emplea una variedad de arroz denominada koshihikari su capacidad para compactarse se encuentra en la tipología de los arroces glutinosos.,en japón se utiliza un tipo de arroz glutinoso conocido como koshihikari por su capacidad para compactarse.,0.8742864727973938
11,11.0,de esta forma en 1910 casi cerca de cuarenta mil japoneses inmigran a estados unidos para trabajar en la construcción de las líneas ferroviarias.,"así, en el año de 1910, más de treinta mil japoneses se fueron a américa del norte para hacer trenes y poner vías.",0.883496105670929
12,12.0,de esta forma en 1910 casi cerca de cuarenta mil japoneses inmigran a estados unidos para trabajar en la construcción de las líneas ferroviarias.,en 1910 mas de treinta y cinco mil japoneses llegan a estados unidos para construir líneas ferroviarias.,0.9038219451904296
13,13.0,el concepto del sushi empezó a ser conocido en california.,el sushi empezó a conocerse en california.,0.911303699016571
14,14.0,"este tipo de arroz es ideal para la elaboración del sushi, pero es reciente en la historia del sushi ya que fue creado en 1956, por la combinación de dos cepas diferentes de nourin no.1 y nourin no.22.","este arroz es excelente para elaborar sushi, aunque apenas fue utilizado al ser descubierto en 1956, por la mezcla de dos cepas diferentes.",0.922928273677826
15,15.0,"el sushi empieza a prepararse fuera de japón debido en parte a las inmigraciones de japoneses a otros países, uno de los países que acepta japoneses es eeuu para trabajar en la construcción de vías ferroviarias.",el sushi sale fuera de japón debido en parte a la emigración de japoneses a eeuu.,0.9323213696479796
16,16.0,"el sushi empieza a prepararse fuera de japón debido en parte a las inmigraciones de japoneses a otros países, uno de los países que acepta japoneses es eeuu para trabajar en la construcción de vías ferroviarias.","gracias a las inmigraciones japonesas a otros países el sushi se empezó a realizar en otros países, como estados unidos que fue un país que admitió japoneses para trabajar en la elaboración de líneas ferroviarias.",0.9336727261543274
17,17.0,"el sushi empieza a prepararse fuera de japón debido en parte a las inmigraciones de japoneses a otros países, uno de los países que acepta japoneses es eeuu para trabajar en la construcción de vías ferroviarias.",los inmigrantes comenzaron a hacer el sushi en e.u. cuando aceptaron a varias personas de japón para que construyeran trenes y colocaran vías de tren en américa.,0.9448006749153136
18,18.0,en japón se emplea una variedad de arroz denominada koshihikari su capacidad para compactarse se encuentra en la tipología de los arroces glutinosos.,la aptitud para compactarse la diversidad de arroz en japón llamada koshihikari se localiza en la tipología de los arroces glutinos.,0.9506287574768066
19,19.0,"ahora, cuando vas a un restaurante, esperas que te sorprendan, esperas reírte un rato y eso hace parte del atractivo de comer afuera. creo que ese es el cambio.",considero que el cambio se nota cuando el deseo de salir a comer se ve motivado por la idea de ir a reír y ser asombrado en algún restaurante.,0.769607424736023
20,20.0,"ahora, cuando vas a un restaurante, esperas que te sorprendan, esperas reírte un rato y eso hace parte del atractivo de comer afuera. creo que ese es el cambio.","hogaño, al ir a un comedor, las expectativas de reír por momentos y de llevarte una sorpresa son muy altas, por eso, la idea de comer fuera de casa es bastante encantadora. posiblemente, eso es lo diferente.",0.8213586211204529
21,21.0,"a pesar de que la técnica del baño en agua alguna vez fue considerada por los chefs como un engaño, hoy en día es de uso tan generalizado que está llegando a los hogares.","actualmente, bañar los alimentos en agua es tan popular que se emplea en las casas particulares aún cuando varios cocineros creyeron que este método, en ocasiones pasadas,  era una farsa.",0.8830095529556274
22,22.0,"a pesar de que la técnica del baño en agua alguna vez fue considerada por los chefs como un engaño, hoy en día es de uso tan generalizado que está llegando a los hogares.","otrora, el método del baño en agua fue considerada por los cocineros expertos como un engaño. hoy, su uso es muy común en los hogares.",0.8839614987373352
23,23.0,"a pesar de la aventura y las delicias, varios cocineros consideran a la gastronomía molecular no tanto como una revolución sino más bien una moda pasajera.","muchos chefs creen que la gastronomía molecular es más una moda pasajera que una revolución, sin importar el deleite y las aventuras que se viven en la cocina.",0.9029086828231812
24,24.0,"la popularidad de la comida preparada con la técnica sous-vide, en la que se usan bolsas de plástico cerradas al vació para cocinar lentamente en agua, es uno de los resultados de esa obsesión de encontrar la temperatura perfecta para preparar los platos más delicados.","el sous vide, que es la técnica popular de hacer comida al meterla en bolsas de plástico selladas al vacío para cocinar en agua lenta, surge como consecuencia de la larga búsqueda de averiguar cuál es el calor ideal hasta para los alimentos más finos.",0.905788242816925
25,25.0,"a pesar de la aventura y las delicias, varios cocineros consideran a la gastronomía molecular no tanto como una revolución sino más bien una moda pasajera.",diversos cocineros piensan que la gastronomía molecular es más una moda pasajera antes que una rebelión aun teniendo en cuenta los deleites y peripecias que conlleva.,0.9061174392700196
26,26.0,"ahora, cuando vas a un restaurante, esperas que te sorprendan, esperas reírte un rato y eso hace parte del atractivo de comer afuera. creo que ese es el cambio.","el cambio quizá es que cuando vas a un restaurante esperas ser sorprendido y lanzar unas risotadas estruendosas, que es parte del atractivo de comer fuera.",0.9168242812156676
27,27.0,"si bien algunas técnicas de cocina molecular, como la instilación al vacío y la centrifugación requieren una fuerte inversión e instrumentos especializados, también le han ayudado a los expertos a descubrir cosas como las temperaturas ideales en la cual cocinar nuestra comida favorita.","aunque elementos de la cocina molecular, como la centrifugación y la instilación al vacío son muy caras y necesitan de instrumentos acordes a la especialidad, esto ha sido de utilidad a los expertos para conocer nuevas ideas como cuál es la temperatura perfecta para preparar los alimentos predilectos.",0.9274768233299256
28,28.0,"si bien algunas técnicas de cocina molecular, como la instilación al vacío y la centrifugación requieren una fuerte inversión e instrumentos especializados, también le han ayudado a los expertos a descubrir cosas como las temperaturas ideales en la cual cocinar nuestra comida favorita.",las técnicas de cocina molecular han apoyado a los expertos en el descubrimiento de cosas como la temperatura ideal para cocinar nuestros alimentos preferidos a pesar de requerir una gran financiación debido a los instrumentos especiales para algunas técnicas como la de goteo al vacío y la centrifugación,0.9301605820655824
29,29.0,"a pesar de que la técnica del baño en agua alguna vez fue considerada por los chefs como un engaño, hoy en día es de uso tan generalizado que está llegando a los hogares.","una técnica que ha llegado a ser de un uso tan común actualmente es la del baño en agua que, a pesar de haber sido considerada por los chefs como una farsa, está llegando a las casas.",0.94487327337265
30,30.0,"si bien algunas técnicas de cocina molecular, como la instilación al vacío y la centrifugación requieren una fuerte inversión e instrumentos especializados, también le han ayudado a los expertos a descubrir cosas como las temperaturas ideales en la cual cocinar nuestra comida favorita.","a pesar de que la gastronomía molecular requiere un gran gasto en equipo especializado, es especial para implementar técnicas como la instilación al vacío y la centrifugación, esto ha logrado que los expertos descubran las temperaturas perfectas a la cuales se cocinan los alimentos favoritos de todos.",0.9459250569343568
31,31.0,"la popularidad de la comida preparada con la técnica sous-vide, en la que se usan bolsas de plástico cerradas al vació para cocinar lentamente en agua, es uno de los resultados de esa obsesión de encontrar la temperatura perfecta para preparar los platos más delicados.","en la técnica sous-vide se cocina en agua usando bolsas de plástico cerradas al vacío, ésta ha cobrado mucha popularidad debido a la obsesión de hallar la temperatura ideal para cocinar los platos más suceptibles.",0.9504227638244628
32,32.0,"a pesar de la aventura y las delicias, varios cocineros consideran a la gastronomía molecular no tanto como una revolución sino más bien una moda pasajera.","como una tendencia efímera, más que una revolución, esa es la opinión de muchos cocineros sobre la cocina molecular, a pesar de las delicias y aventuras.",0.9545527100563048
33,33.0,"la popularidad de la comida preparada con la técnica sous-vide, en la que se usan bolsas de plástico cerradas al vació para cocinar lentamente en agua, es uno de los resultados de esa obsesión de encontrar la temperatura perfecta para preparar los platos más delicados.","el crecimiento de la tendencia de los alimentos preparados con sous vide, que emplea bolsas de hule selladas al vacío para cocinar con lentitud, es resultado de la obsesión por hallar la temperatura excelente para cocer los platillos mas delicados.",0.9565311670303344
34,34.0,"y con ayuda de distribuidoras mundiales de bebidas, la bebida mexicana se volvió internacional.",mediante el mercado internacional se logró que el tequila fuera reconocido mundialmente.,0.5932320356369019
35,35.0,"entonces, se volvió importante para fines publicitarios y comerciales, así como de retomar conceptos de seguridad tradición.",convirtió en un símbolo representativo del país que ayudo a atraer atención al país y al mercado nacional.,0.6551928520202637
36,36.0,el éxito del tequila jamás habría sido posible sin la participación de grandes empresas extranjeras.,a pesar de que es considerado un producto nacional fue gracias a la intervención de empresarios de otros países lo que ayudo a que esto sucediera.,0.770119309425354
37,37.0,"el auge comercial del tequila en tiempos modernos ocurrió a partir de 1992. aunque medio siglo antes, se promovió en la radio y, después, en la televisión.",aunque el tequila fue publicita en distintitos medios de comunicación desde los 80’ fue hasta los 90’ cuando la bebida alcanzo mayor popularidad.,0.7776455879211426
38,38.0,el éxito del tequila jamás habría sido posible sin la participación de grandes empresas extranjeras.,las grandes empresas extranjeras tienen gran repercusión en el éxito del tequila.,0.8235670924186707
39,39.0,el tequila ya era un muy buen negocio y se convirtió en una gigantesca fuente de riqueza para los empresarios y para méxico.,gracias al gran auge del tequila se convirtió en un negocio con grandes ingresos para las empresas y para el país.,0.8854528665542603
40,40.0,"entonces, se volvió importante para fines publicitarios y comerciales, así como de retomar conceptos de seguridad tradición.","poco después se volvió fundamental para la publicidad y el comercio, así como el retorno a valores tradicionales y seguros.",0.8884960412979126
41,41.0,el éxito del tequila jamás habría sido posible sin la participación de grandes empresas extranjeras.,el éxito tequilero fue posible gracias a la participación de enormes empresas extranjeras.,0.908149003982544
42,42.0,el tequila ya era un muy buen negocio y se convirtió en una gigantesca fuente de riqueza para los empresarios y para méxico.,los empresarios mexicanos empezaron a ver en el tequila un negocio más que redituable convirtiéndose en una enorme fuente de riqueza.,0.9180612564086914
43,43.0,el tequila ya era un muy buen negocio y se convirtió en una gigantesca fuente de riqueza para los empresarios y para méxico.,para méxico y para los empresarios el negocio del tequila se transformo en una importante fuente de riqueza.,0.9184643030166626
44,44.0,"el auge comercial del tequila en tiempos modernos ocurrió a partir de 1992. aunque medio siglo antes, se promovió en la radio y, después, en la televisión.","en 1992 se dio el auge comercial del tequila, aunque medio siglo antes se promovió en los medios de comunicación.",0.9194775223731996
45,45.0,"y con ayuda de distribuidoras mundiales de bebidas, la bebida mexicana se volvió internacional.","y con ayuda de las distribuidoras que importan a todo el mundo, la bebida de méxico se volvió internacional.",0.9210996031761168
46,46.0,"el auge comercial del tequila en tiempos modernos ocurrió a partir de 1992. aunque medio siglo antes, se promovió en la radio y, después, en la televisión.","el apogeo comercial del tequila en momentos actuales se dan a partir de 1992. aunque 50 años antes, se promocionó en radio y después en televisión.",0.9266148209571838
47,47.0,"y con ayuda de distribuidoras mundiales de bebidas, la bebida mexicana se volvió internacional.","la bebida mexicana transcendió internacionalmente, con influencia de las distribuidoras mundiales.",0.9307965040206908
48,48.0,el éxito del tequila jamás habría sido posible sin la participación de grandes empresas extranjeras.,el triunfo del tequila no seria posible sin la participación de enormes industrias extranjeras.,0.9327573776245116
49,49.0,"entonces, se volvió importante para fines publicitarios y comerciales, así como de retomar conceptos de seguridad tradición.","se volvió crucial para fines publicitarios y comerciales, también en conceptos de seguridad tradicional.",0.9641604423522948
50,50.0,"el auge comercial del tequila en tiempos modernos ocurrió a partir de 1992. aunque medio siglo antes, se promovió en la radio y, después, en la televisión.",en los años 1992 se dio el auge comercial del tequila en la épocas modernas aunque a mediados de siglo empezó la promoción en la radio y televisión.,0.9685764908790588
51,51.0,el tequila ya era un muy buen negocio y se convirtió en una gigantesca fuente de riqueza para los empresarios y para méxico.,el tequila era muy buen negocio y se transformó en una enorme fuente de dinero para los industriales y para méxico.,0.9746896028518676
52,52.0,"y con ayuda de distribuidoras mundiales de bebidas, la bebida mexicana se volvió internacional.","y con la participación de empresas mundiales de bebidas, tequila mexicana se volvió internacional.",0.9867105484008788
53,53.0,"entonces, se volvió importante para fines publicitarios y comerciales, así como de retomar conceptos de seguridad tradición.","se volvió fundamental para fines publicitarios y comerciales, así como de reiniciar opiniones de seguridad clásica.",0.9885957837104796
54,54.0,esta última forma se puede encontrar con mucha frecuencia especialmente en españa.,en españa es muy común encontrar esta última forma.,0.7608695030212402
55,55.0,una de las grandes protagonistas de este plato y que lo diferencia de cualquier otro son las salsas.,las salsas son uno de los principales llamativos del platillo y también ayudan al protagonismo mundial del platillo.,0.8014257550239563
56,56.0,esto no es lo único que puede variar ya que el pan puede ser diferente con respecto a quién prepare el platillo.,"esta no es la única diferencia, debido a que el pan puede variar con respecto al cocinero del platillo.",0.8364455699920654
57,57.0,esta última forma se puede encontrar con mucha frecuencia especialmente en españa.,este último estilo suele encontrarse con mucha frecuencia principalmente en españa.,0.8625678420066833
58,58.0,"pero el tronco se cocina en vertical para ahorrar espacio y no es una pieza única de carne, sino una mezcla.","sin embargo el tronco es cocinado de manera vertical para reducir el espacio utilizado y son varias piezas de carne diferentes, haciendo que sea una combinación de carnes.",0.8661302328109741
59,59.0,esto no es lo único que puede variar ya que el pan puede ser diferente con respecto a quién prepare el platillo.,"y no se queda ahí, puesto que el pan puede cambiar como cambia el cocinero.",0.8769825100898743
60,60.0,"pero el tronco se cocina en vertical para ahorrar espacio y no es una pieza única de carne, sino una mezcla.",no obstante el tronco se levanta para ahorrar espacio y se trata de una combinación de carnes.,0.8982964158058167
61,61.0,"pero el tronco se cocina en vertical para ahorrar espacio y no es una pieza única de carne, sino una mezcla.","al ser una alternancia de láminas de carne se decide asarlo en forma vertical (que aparenta un tronco), para que de esta manera se pueda apreciar mejor la mezcla de carnes.",0.9017513990402222
62,62.0,una de las grandes protagonistas de este plato y que lo diferencia de cualquier otro son las salsas.,"las salsas son un gran protagonista de este plato, haciendo que se diferencia de cualquier otro.",0.9047685265541076
63,63.0,"existe una gran variedad de salsas, más o menos picantes, otras con base láctea pero que hacen que el plato adquiera una gran variedad de aromas y sabores.","hay una gran diversidad de salsas que varían en picor, algunas tienen base de leche pero que dan un toque único al platillo en cuanto a su aroma y sabor.",0.9132335782051086
64,64.0,"existe una gran variedad de salsas, más o menos picantes, otras con base láctea pero que hacen que el plato adquiera una gran variedad de aromas y sabores.",la gran cantidad de salsas hace un recorrido de sabores que pueden ser picantes e incluso pueden tener una base láctea que genera esta multiplicidad de sabores y colores.,0.939833402633667
65,65.0,una de las grandes protagonistas de este plato y que lo diferencia de cualquier otro son las salsas.,las salsas son las grandes protagonistas de este plato ya que lo diferencia de cualquier otro.,0.9483240842819214
66,66.0,"pero el tronco se cocina en vertical para ahorrar espacio y no es una pieza única de carne, sino una mezcla.","pero el tronco es cocinado en vertical para ahorrar espacio y no es una pieza única de carne, sino una mezcla.",0.949575662612915
67,67.0,una de las grandes protagonistas de este plato y que lo diferencia de cualquier otro son las salsas.,las salsas son unas de las grandes protagonistas de este plato y son lo que lo diferencian de cualquier otro.,0.9636796116828918
68,68.0,esta última forma se puede encontrar con mucha frecuencia especialmente en españa.,con frecuencia esta última forma se encuentra especialmente en españa.,0.9649462699890136
69,69.0,esto no es lo único que puede variar ya que el pan puede ser diferente con respecto a quién prepare el platillo.,esto no es lo único que puede cambiar ya que el pan puede variar dependiendo el chef que cocine esta comida.,0.969780683517456
70,70.0,"existe una gran variedad de salsas, más o menos picantes, otras con base láctea pero que hacen que el plato adquiera una gran variedad de aromas y sabores.","existe una gran diversidad de salsas, algunas cuya base es láctea, otras picantes, pero ellas logran hacer que el platillo obtenga una gran gama de olores y sabores.",0.9700210094451904
71,71.0,esto no es lo único que puede variar ya que el pan puede ser diferente con respecto a quién prepare el platillo.,esto no es lo único que puede cambiar ya que dependiendo de quién cocine el platillo el pan puede ser diferente.,0.9834865927696228
72,72.0,"existe una gran variedad de salsas, más o menos picantes, otras con base láctea pero que hacen que el plato adquiera una gran variedad de aromas y sabores.","hay una gran diversidad de salsas, más o menos picantes, otras con base láctea pero que permiten que el plato obtenga una gran variedad de sabores y aromas.",0.9954258799552916
73,73.0,esta última forma se puede encontrar con mucha frecuencia especialmente en españa.,especialmente en españa se puede hallar con mucha frecuencia esta última forma.,0.9980226755142212
74,74.0,el pan de muerto también forma parte de la ofrenda hacia los muertos.,algo que también es elemento de un altar es el pan de muerto.,0.6195023655891418
75,75.0,el evento está lleno de color y misterio en donde cantos y rezos acompañan al espíritu a degustar la comida.,el color y el misterio atestan el evento en el cual se canta y se reza para ir junto al difunto a probar los alimentos.,0.7793794274330139
76,76.0,el pan de muerto también forma parte de la ofrenda hacia los muertos.,otro elemento esencial en el altar para los difuntos es el pan de muerto.,0.7975570559501648
77,77.0,"la popularidad de la comida es considerada como un método muy tradicional, en donde lo importante es el tiempo de convivir de nuevo con aquellos seres queridos.","los alimentos tienen fama ya que se concibe como una forma de costumbre, ahí lo especial es el momento en que pasamos con las personas que queremos.",0.7977712154388428
78,78.0,otras bebidas como el tequila son servidas en envases de barro para mantener el tradicionalismo. puede incluirse cualquier bebida del gusto del difunto.,"para mantener la tradición, se sirven licores como el tequila en recipientes de barro. toda bebida que le gustara al fallecido puede incorporarse.",0.800564169883728
79,79.0,el pan de muerto también forma parte de la ofrenda hacia los muertos.,el pan de muerto es muy representativo en las ofrendas hacia los muertos.,0.8170551657676697
80,80.0,otras bebidas como el tequila son servidas en envases de barro para mantener el tradicionalismo. puede incluirse cualquier bebida del gusto del difunto.,"el tequila, o cualquier otra bebida que le gustará al fallecido, son servidas en tarros de barro.",0.8384743928909302
81,81.0,¿los alimentos pierden su sabor? ¿cómo se llevan los muertos el sabor? ¿cómo albergan su alma y la de los alimentos?,¿la comida ya no sabe a nada? ¿como consumen las almas el sabor? ¿como guardan el alma y la comida?,0.8486858010292053
82,82.0,otras bebidas como el tequila son servidas en envases de barro para mantener el tradicionalismo. puede incluirse cualquier bebida del gusto del difunto.,se sirven en contenedores de barro algunas bebidas como el tequila u otras que hayan sido del agrado de la persona muerta para seguir con esta tradición.,0.8493911623954773
83,83.0,"la popularidad de la comida es considerada como un método muy tradicional, en donde lo importante es el tiempo de convivir de nuevo con aquellos seres queridos.",la comida es considerada popular ya que es una forma tradicional de conectar de nuevo con los que ya no estan.,0.8728721737861633
84,84.0,el pan de muerto también forma parte de la ofrenda hacia los muertos.,el pan de muerto es otra forma de ofrendar a los muertos.,0.8775931596755981
85,85.0,el evento está lleno de color y misterio en donde cantos y rezos acompañan al espíritu a degustar la comida.,"para conducir al alma del difunto a probar los alimentos, se hacen oraciones junto con canciones. este festejo está repleto de colores y misticismo.",0.9066930413246156
86,86.0,¿los alimentos pierden su sabor? ¿cómo se llevan los muertos el sabor? ¿cómo albergan su alma y la de los alimentos?,¿pierde su sabor la comida? ¿cómo transportan el sabor los difuntos? ¿de qué manera alojan su espíritu y la de la comida?,0.9187952280044556
87,87.0,¿los alimentos pierden su sabor? ¿cómo se llevan los muertos el sabor? ¿cómo albergan su alma y la de los alimentos?,¿la comida tiene sabor? ¿cómo pueden quedarse los difuntos con el sabor? ¿de qué manera cuidan de su espíritu y el de la comida?,0.9198426604270936
88,88.0,otras bebidas como el tequila son servidas en envases de barro para mantener el tradicionalismo. puede incluirse cualquier bebida del gusto del difunto.,"las bebidas como el tequila, se sirven en envases de barro para mantener la tradición. puede colocarse cualquier bebida que sea del gusto del difunto.",0.9214400053024292
89,89.0,"la popularidad de la comida es considerada como un método muy tradicional, en donde lo importante es el tiempo de convivir de nuevo con aquellos seres queridos.","la fama de los alimentos es percibida como una manera muy típica, en el cual lo valioso es encontrarse otra vez con las personas amadas.",0.93071848154068
90,90.0,"la popularidad de la comida es considerada como un método muy tradicional, en donde lo importante es el tiempo de convivir de nuevo con aquellos seres queridos.","el prestigio de la comida es considerada como un método demasiado recurrente, en donde lo que importa es el tiempo que se convive de nuevo con los seres queridos.",0.932496190071106
91,91.0,el evento está lleno de color y misterio en donde cantos y rezos acompañan al espíritu a degustar la comida.,"el evento es colorido y está lleno de misterio, donde rezos y cantos se juntan con el espíritu a la hora degustar la comida.",0.938620626926422
92,92.0,el evento está lleno de color y misterio en donde cantos y rezos acompañan al espíritu a degustar la comida.,"el día de muertos está lleno de color y misterio, donde rezos y cantos acompañan al alma del difunto a disfrutar la comida.",0.96696674823761
93,93.0,¿los alimentos pierden su sabor? ¿cómo se llevan los muertos el sabor? ¿cómo albergan su alma y la de los alimentos?,¿los alimentos mantienen su sabor? ¿cómo los muertos sienten el sabor? ¿cómo alojan su alma y la de los alimentos?,0.9837861061096193
94,94.0,"la producción de carne y otros productos animales supone una pesada carga para el medio ambiente, desde cultivos y agua necesarios para alimentar a los animales.",mantener un criadero de animales ha producido un alto impacto en los cultivos y el agua del planeta.,0.6903822422027588
95,95.0,proteger el medio ambiente es beneficioso para todos nosotros y el hecho de ser vegano tiene un impacto positivo en esto.,cuidar el medio ambiente beneficia a todas las personas y ser vegano nos ayuda mucho a este propósito.,0.6918347477912903
96,96.0,proteger el medio ambiente es beneficioso para todos nosotros y el hecho de ser vegano tiene un impacto positivo en esto.,"nosotros somos los beneficiados con la protección del entorno, y la hazaña de ser vegano deja una marca positiva en esto.",0.7085263133049011
97,97.0,proteger el medio ambiente es beneficioso para todos nosotros y el hecho de ser vegano tiene un impacto positivo en esto.,"mantener un estilo de vida vegano trae beneficios a todos, ya que se cuida al medio ambiente.",0.7766633629798889
98,98.0,"incluso los gastos de producción, el transporte y otros procesos involucrados desde la granja a la mesa son elementos detonantes.","si tomamos en cuenta llevar el producto desde la granja a tu mesa, los gastos del producto son muy elevados.",0.8087277412414551
99,99.0,"incluso los gastos de producción, el transporte y otros procesos involucrados desde la granja a la mesa son elementos detonantes.","la cadena productiva, incluyendo transporte, son elementos perjudiciales.",0.8781455755233765
100,100.0,"incluso los gastos de producción, el transporte y otros procesos involucrados desde la granja a la mesa son elementos detonantes.","otro elemento importante a tomar en cuenta es el costo de producción, transporte y demás procesos involucrados en llevar cada alimento a la mesa.",0.8831138014793396
101,101.0,"otra ventaja es que no se debe esperar mucho tiempo para cocinar los alimentos, aunque también se pueden preparar platos delicados, divertidos y sorprendentes y crear delicias.","otro beneficio es que los alimentos no tardan mucho en ser cocinados además platos deliciosos, divertidos, sorprendentes y delicias pueden ser preparados.",0.8925960063934326
102,102.0,"la producción de carne y otros productos animales supone una pesada carga para el medio ambiente, desde cultivos y agua necesarios para alimentar a los animales.","la industria de la carne y otros productos de origen animal conlleva un gran peso para la naturaleza, desde sembradíos y recursos hídricos indispensables para la alimentación del ganado.",0.9034256935119628
103,103.0,"otra ventaja es que no se debe esperar mucho tiempo para cocinar los alimentos, aunque también se pueden preparar platos delicados, divertidos y sorprendentes y crear delicias.","una ventaja más de este estilo de vida es que los alimentos se preparan rápidamente y también se pueden preparar platillos exquisitos, deliciosos, creativos e interesantes.",0.9078246355056764
104,104.0,"aunque no sólo el cuerpo sale beneficiado, pues es posible proteger el medio ambiente porque se requiere menos energía y tierras de cultivo para alimentar a un vegano.","cuidar el planeta es otro de los beneficios, pues alimentar a un vegano explota menos recursos.",0.916239321231842
105,105.0,"aunque no sólo el cuerpo sale beneficiado, pues es posible proteger el medio ambiente porque se requiere menos energía y tierras de cultivo para alimentar a un vegano.",otro de sus beneficios no solo es mantener el cuerpo más saludable si no también proteger el medio ambiente.,0.9185263514518738
106,106.0,"otra ventaja es que no se debe esperar mucho tiempo para cocinar los alimentos, aunque también se pueden preparar platos delicados, divertidos y sorprendentes y crear delicias.","no tener que aguardar tanto para la cocción es otra de las virtudes, pero igualmente se pueden preparar platillos delicatessen, divertidos, etcétera.",0.928739368915558
107,107.0,"la producción de carne y otros productos animales supone una pesada carga para el medio ambiente, desde cultivos y agua necesarios para alimentar a los animales.","la explotación de recursos naturales para generar carne y derivados para consumo, desde cultivos y alimentación de ganado, es excesiva para el planeta.",0.929759919643402
108,108.0,"incluso los gastos de producción, el transporte y otros procesos involucrados desde la granja a la mesa son elementos detonantes.","inclusive los costes para producir la carne, la transportación, otros elementos relacionados desde que comienza en la granja hasta que termina en la mesa son procesos detonantes.",0.9316233396530152
109,109.0,"aunque no sólo el cuerpo sale beneficiado, pues es posible proteger el medio ambiente porque se requiere menos energía y tierras de cultivo para alimentar a un vegano.","pero no solamente el organismo consigue beneficios, sino también es factible preservar el entorno porque es necesaria menos gasto de energía y tierras fértiles para que un vegano sea alimentado.",0.9488301277160645
110,110.0,"aunque no sólo el cuerpo sale beneficiado, pues es posible proteger el medio ambiente porque se requiere menos energía y tierras de cultivo para alimentar a un vegano.","con este estilo de vida no sólo beneficiamos a nuestro cuerpo, también al medio ambiente, ya que se requiere menos energía y campos de cultivo para producir alimento para un vegano.",0.9495481848716736
111,111.0,"otra ventaja es que no se debe esperar mucho tiempo para cocinar los alimentos, aunque también se pueden preparar platos delicados, divertidos y sorprendentes y crear delicias.","puedes crear infinidad de alimentos, no se debe esperar mucho tiempo para cocinar los alimentos.",0.9515625834465028
112,112.0,"la producción de carne y otros productos animales supone una pesada carga para el medio ambiente, desde cultivos y agua necesarios para alimentar a los animales.","para poder producir carne y otros productos de origen animal, se necesita una gran cantidad de agua y de cultivos para alimentar a los animales, lo que supone una carga muy pesada para el medio ambiente.",0.960777461528778
113,113.0,proteger el medio ambiente es beneficioso para todos nosotros y el hecho de ser vegano tiene un impacto positivo en esto.,"el cuidado del medio ambiente es benéfico para todos los seres, en esto el veganismo genera un impacto positivo.",0.964853584766388
114,114.0,no hay muchas sensaciones que se comparen al hecho de salir por la noche y ver cómo preparan un camote con leche o mermelada.,pocas situaciones pueden equipararse al sentimiento de encontrar en un paseo nocturno un camote revestido de leche o mermelada.,0.7714759707450867
115,115.0,y oler el dulce aroma que emana del carrito mientras observas la iluminada avenida por las luces nocturnas.,"esta experiencia se enriquece al ver la avenida iluminada por las luces nocturnas, al tiempo que se percibe el dulce aroma proveniente del carrito.",0.8473532199859619
116,116.0,no hay muchas sensaciones que se comparen al hecho de salir por la noche y ver cómo preparan un camote con leche o mermelada.,"salir por la noche y ver como se prepara un camote con mermelada o leche es, sin duda, una experiencia única e incomparable.",0.868986189365387
117,117.0,"aunque, de vez en cuando, puede tomar por sorpresa a cualquier turista que recorre las calles y avenidas de la ciudad.","ocasionalmente, sin embargo, puede llegar a sorprender a algún turista que pasee por la ciudad.",0.8717570900917053
118,118.0,"a pesar de las dificultades y la disminución de las ventas con el tiempo, los camoteros son un dulce oficio que se resiste a extinguirse.","con el tiempo la venta de este postre tradicional ha disminuido y las dificultades se han presentado; sin embargo, el negocio de los camoteros se resiste a la extinción.",0.8913541436195374
119,119.0,el sonido que los distingue se llega a oír generalmente en las primeras horas de la noche y eso hace parte del atractivo de comerlos.,parte del encanto del carrito de camotes radica en el distintivo silbido que se escucha durante las primeras horas nocturnas.,0.9020445346832277
120,120.0,"aunque, de vez en cuando, puede tomar por sorpresa a cualquier turista que recorre las calles y avenidas de la ciudad.","aun así, alguna vez pueden sorprender a los turistas mientras caminan por las avenidas o las calles de la ciudad.",0.905799150466919
121,121.0,el sonido que los distingue se llega a oír generalmente en las primeras horas de la noche y eso hace parte del atractivo de comerlos.,"el peculiar silbido del carrito acompaña las primeras de la noche, esto es parte del atractivo que invita a comer los dulces postres.",0.9061219096183776
122,122.0,y oler el dulce aroma que emana del carrito mientras observas la iluminada avenida por las luces nocturnas.,"asimismo, disfrutar de la vista de las luces que acarician la avenida, mientras entra por tus fosas nasales el exquisito olor proveniente del carrito.",0.9145051836967468
123,123.0,y oler el dulce aroma que emana del carrito mientras observas la iluminada avenida por las luces nocturnas.,y huele el dulce perfume que emana del tranvía mientras contemplas el bulevar iluminado por las luces nocturnas.,0.91596657037735
124,124.0,el sonido que los distingue se llega a oír generalmente en las primeras horas de la noche y eso hace parte del atractivo de comerlos.,el sonido que los caracteriza se escucha generalmente cuando comienza la noche y eso forma parte del atractivo de comerlos.,0.9328559637069702
125,125.0,"a pesar de las dificultades y la disminución de las ventas con el tiempo, los camoteros son un dulce oficio que se resiste a extinguirse.","el grato trabajo de los vendedores de camotes desafía los contratiempos y el debilitamiento de las ganancias debido al bajo consumo, y el oficio se resiste a la extinción.",0.9334243535995485
126,126.0,el sonido que los distingue se llega a oír generalmente en las primeras horas de la noche y eso hace parte del atractivo de comerlos.,el sonido que las distingue se suele escuchar en las primeras horas de la noche y esto es parte del atractivo de comerlas.,0.942577302455902
127,127.0,y oler el dulce aroma que emana del carrito mientras observas la iluminada avenida por las luces nocturnas.,y oler el agradable aroma que despide del carrito mientras se observa la iluminada avenida por las luces nocturnas.,0.9580760598182678
128,128.0,no hay muchas sensaciones que se comparen al hecho de salir por la noche y ver cómo preparan un camote con leche o mermelada.,no hay muchas sensaciones que se comparen con salir de  noche y ver cómo preparan un boniato con leche o mermelada.,0.9612193703651428
129,129.0,"a pesar de las dificultades y la disminución de las ventas con el tiempo, los camoteros son un dulce oficio que se resiste a extinguirse.","a pesar de las dificultades y la caída de las ventas con el paso del tiempo, los productores de boniato son un dulce oficio que no quiere morir.",0.961531400680542
130,130.0,"a pesar de las dificultades y la disminución de las ventas con el tiempo, los camoteros son un dulce oficio que se resiste a extinguirse.","se resiste a extinguirse el agradable oficio de los camoteros, a pesar de las adversidades y la disminución de las ventas a través del tiempo.",0.9641838669776917
131,131.0,no hay muchas sensaciones que se comparen al hecho de salir por la noche y ver cómo preparan un camote con leche o mermelada.,no es común percibir una sensación igual que se compare al hecho de salir por la noche y ver cómo preparan un camote con leche o jalea.,0.9695123434066772
132,132.0,"aunque, de vez en cuando, puede tomar por sorpresa a cualquier turista que recorre las calles y avenidas de la ciudad.","aunque, en ocasiones puede sorprender a algún turista que anda por las calles y avenidas de la ciudad.",0.9808713793754578
133,133.0,"aunque, de vez en cuando, puede tomar por sorpresa a cualquier turista que recorre las calles y avenidas de la ciudad.",aunque de vez en cuando puede sorprender a cualquier visitante que pase por las calles y avenidas de la ciudad.,0.9842932224273682
456,,los indígenas compartían la creencia de la existencia de una entidad anímica en el cuerpo que le daba identidad y que lo abandona al morir para ir a una existencia ultraterrenal.,"los indígenas creían que al morir la entidad anímica que daba identidad al cuerpo, lo abandona y se va al más allá.",
457,,"esa conciencia pervivía en el lugar de los muertos, en donde requería alimento y algunas ayudas espirituales que podían ser otorgadas para permitirles continuar su existencia inmortal.",a pesar del tiempo ese conocimiento seguía en el lugar de los muertos. se requería alimento y algunas ayudas espirituales que se les otorgaba para continuar con su existencia inmortal.,
458,,en los ritos funerarios de estas civilizaciones era común dejar la sepultura de objetos de uso cotidiano como herramientas de oficio para ayudar al difunto en su travesía al otro mundo.,"por tanto, en estas civilizaciones, durante los ritos funerarios era muy común que se dejaran objetos cotidianos por ejemplo herramientas de oficio y que eran de ayuda para el difunto en su travesía al otro mundo.",
459,,la representación de los altares de muertos ha cambiado a través de los siglos desde la introducción de la religión católica en el méxico prehispánico.,"a partir de que se introdujo la religión católica al méxico prehispánico, los altares para los muertos han cambiado con el paso de los siglos.",
460,,"usualmente, los altares están compuestos por varios niveles que representan la cosmovisión, el mundo material y el inmaterial.","comúnmente, los altares cuentan con diferentes niveles, los cuales representan el mundo material, el inmaterial y la cosmovisión.",
461,,los altares de dos niveles son una representación de la división del cielo y la tierra.,los altares que tienen dos niveles hacen referencia a la división entre la tierra y el cielo.,
462,,"los altares de tres niveles muestran el cielo, la tierra y el inframundo.","el cielo, la tierra y el inframundo son representados en los altares de tres niveles.",
463,,los altares de siete niveles son los más convencionales y representan los siete niveles que debe atravesar el alma para poder llegar al descanso.,los altares de siete niveles son los más comunes ya que representan los niveles por los que el alma debe atravesar para llegar al descanso.,
464,,los colores y el ánimo mexicano son factores fundamentales en esta época del año que resaltan lo especial de esta fecha.,estas festividades son bastante conocidas y emocionantes y esto es lo que resalta la importancia que tiene la fecha para el pueblo.,
465,,"esa conciencia pervivía en el lugar de los muertos, en donde requería alimento y algunas ayudas espirituales que podían ser otorgadas para permitirles continuar su existencia inmortal.","este tipo de ideología pervive en donde se encuentran los muertos, pues se necesita alimento y otras guías que les permita mantener su existencia inmortal.",
466,,en los ritos funerarios de estas civilizaciones era común dejar la sepultura de objetos de uso cotidiano como herramientas de oficio para ayudar al difunto en su travesía al otro mundo.,en las ceremonias de luto que se llevan a cabo en estas civilizaciones se solía enterrar los objetos y herramientas del difunto para que le sea más fácil transportarse al otro mundo.,
467,,"usualmente, los altares están compuestos por varios niveles que representan la cosmovisión, el mundo material y el inmaterial.","con frecuencia, los altares se componen de niveles en los cuales se representan la cosmovisión y el mundo en su fase real e inmaterial.",
468,,los altares de dos niveles son una representación de la división del cielo y la tierra.,"aquellos que tienen dos niveles, representan la división entre lo terrenal y el firmamento.",
469,,"los altares de tres niveles muestran el cielo, la tierra y el inframundo.","los de tres niveles, muestran la conexión entre las dos anteriores y el inframundo.",
470,,los altares de siete niveles son los más convencionales y representan los siete niveles que debe atravesar el alma para poder llegar al descanso.,"los que se componen de siete niveles son los más usados, puesto que son la representación de las etapas que el alma atraviesa con el fin de poder descansar.",
471,,"las calaveras son dulces que representan alusiones a la muerte, pueden ser de azúcar, chocolate o amaranto.","asimismo, las calaveras son dulces que representan la muerte y pueden estar echas de azúcar o amaranto, entre otras.",
472,,"el dulce no es lo único comestible en una ofrenda, ya que también se pone comida, la cual debe ser del agrado del fallecido.","sin embargo, no todo se trata sobre dulces, la comida es un factor fundamental y debe ser del gusto del fallecido.",
473,,"la tortilla, los platos de mole y pozole son frecuentes en la cocina criolla y, por tanto, en los altares.","en la cocina criolla, algunos elementos relevantes son la tortilla, los platos de mole y el pozole.",
474,,el pan de muerto también forma parte de la ofrenda hacia los muertos.,el pan de muerto es un elemento crucial en estas instalaciones.,
475,,otras bebidas como el tequila son servidas en envases de barro para mantener el tradicionalismo. puede incluirse cualquier bebida del gusto del difunto.,"por otro lado, las bebidas no pueden faltar, el tequila servido en envases de barro para conservar las tradiciones. así que puede ponerse cualquier bebida que le guste al difunto.",
476,,"la dieta común de las personas consiste en carnes, frutas, vegetales y todo cuanto sea comestible y se encuentre a nuestro alcance.","la alimentación a base de verduras, proteínas y frutos es lo más apropiado para el ser humano, sin omitir las nuevas combinaciones de todo nuestro ecosistema.",
477,,"sin embargo, para cuidar de la salud, se deberían comer ciertos alimentos y restringir otros cuantos.",el cuidado de nosotros debe de consistir en todos los productos sanos que ingerimos a nuestro cuerpo.,
478,,"estas dietas tienen un alto valor nutricional, pero en ausencia de carne, es vital e importante asegurarse de consumir todas las cantidades correctas de proteínas.","al tener un régimen nutritivo con la ausencia de pulpa animal, se deben de tomar medidas un poco más estrictas con referente al suplemento de las cantidades de proteínas ausentes.",
479,,"asimismo, es más fácil prevenir distintos tipos de enfermedades como las cardíacas debido al hecho de que contienen menos grasas saturadas.",la dieta vegetariana previene malestares cardiovasculares ya que no contiene nada de origen del puerco.,
480,,"las enfermedades transmitidas por los alimentos, las bacterías, los parásitos y las toxinas químicas son más comunes en carnes comerciales.",gracias a las combinaciones genéticas y al poco cuidado que se tienen en las granjas es más fácil contagiarse de virus o insectos de la carne que se encuentra en supermercados.,
481,,una alimentación enteramente sin carne o producto animal tienen un gran potencial para evitar las causas de mortalidad más frecuentes en europa.,en la unión europea se ha implementado una dieta a base de plantas ya que aumenta el índice de vida.,
482,,la dieta vegana desempeña un papel relevante en la reducción de ataques de migraña porque estas se relacionan a menudo con alimentos como el chocolate y el queso.,"los productos que provienen de la vaca y del cacao están relacionados con problemas neurológicos, la alimentación vegetariana estricta evita este tipo de alimentos y con eso mejoran su calidad de vida.",
483,,"una ventaja bastante positiva de este método es la reducción de peso. generalmente, los veganos no sufren de obesidad.","el sobrepeso generalmente se relaciona al alto consumo de alimentos que pueden ingerir los carnívoros, estudios comprueban que los que llevan una dieta a base de plantas y semillas no padecen de una mala salud.",
484,,"con esto, es posible mejorar el rendimiento atlético. muchos deportistas comen saludablemente.",las personas que practican algún deporte tienen un cuidado extremo a su salud.,
485,,"el cuidado de la piel también es un factor a tomar en cuenta, pues la vitamina c dan como resultado una piel más lozana.",hablando dermatológicamente las vitaminas tienen un aporte esencial a la salud de la piel .,
486,,las hormonas como el estrógeno pueden ser responsables de causar cáncer si los niveles se vuelven excesivos.,"las alteraciones de tipo hormonal suelen causar enfermedades como tumores malignos, se ha demostrado que se deriva a por ingerir demasiadas grasas y alteraciones hormonales.",
487,,los veganos tienen niveles de estrógeno más bajos que los no veganos en parte debido al menor contenido de grasa de su dieta.,aquellas personas que llevan una dieta a base de plantas y semillas su grado de hormonas es más balanceado que aquellas que llevan una dieta a base de carbohidratos.,
488,,"además, tienen más de ciertas moléculas que se unen a las hormonas sexuales que circulan en la sangre y tienen la función de mantenerlas inactivas hasta que se necesiten.",aquellas personas que llevan una dieta a base de plantas y semillas su grado de hormonas es más balanceado que aquellas que llevan una dieta a base de carbohidratos.,
489,,"de igual forma, los veganos disfrutan de vidas más largas y saludables en comparación con aquellos que consumen carne.",las personas que llevan una alimentación con base en carne y carbohidratos mantiene un perfil de salud mucho más bajo y poco largo que las personas que tienen una dieta a base de verduras y semillas.,
490,,esta es una opción definitivamente muy saludable que trae consigo inmensos beneficios.,las opciones más saludables que se han visto en estos momentos es mantener una dieta vegana.,
491,,una dieta de este tipo por cinco días puede ayudar a ver cómo un cambio en nuestra alimentación puede ser un nuevo inicio para una vida llena de energía.,"el cambio a una dieta vegana puede aumentar nuestra fuerza y ánimo, notando los cambios en menos de 10 días.",
492,,"el consumo de estos alimentos ha ido en aumento por los estilos de vida que se han ido adquiriendo y son accesibles, en general.",la vida vegana tiene un auge por la facilidad de adquisición de los productos.,
493,,"otra ventaja es que no se debe esperar mucho tiempo para cocinar los alimentos, aunque también se pueden preparar platos delicados, divertidos y sorprendentes y crear delicias.",la rapidez en la que se pueden ejecutar diferentes platillos con este tipo de productos es una virtud.,
494,,"estas dietas tienen un alto valor nutricional, pero en ausencia de carne, es vital e importante asegurarse de consumir todas las cantidades correctas de proteínas.","el valor nutricional de este tipo de alimentación es alto, sin embargo, debido a la ausencia de carne, es muy importante consumir proteínas en la proporción adecuada.",
495,,"las enfermedades transmitidas por los alimentos, las bacterías, los parásitos y las toxinas químicas son más comunes en carnes comerciales.",prescindir del consumo de alimentos de origen animal minimiza el padecimiento de las principales causas de mortalidad en europa.,
496,,una alimentación enteramente sin carne o producto animal tienen un gran potencial para evitar las causas de mortalidad más frecuentes en europa.,"las carnes comerciales son comúnmente portadoras y transmisoras de enfermedades, bacterias, parásitos y toxinas químicas.",
497,,"con esto, es posible mejorar el rendimiento atlético. muchos deportistas comen saludablemente.",la mayoría de los deportistas se alimenta saludablemente. el rendimiento atlético puede mejorarse con una dieta vegana.,
498,,"el cuidado de la piel también es un factor a tomar en cuenta, pues la vitamina c dan como resultado una piel más lozana.","dermatológicamente hablando, existe una mejora también, gracias a la vitamina c.",
499,,"además, tienen más de ciertas moléculas que se unen a las hormonas sexuales que circulan en la sangre y tienen la función de mantenerlas inactivas hasta que se necesiten.","asimismo, la alimentación vegana prima la producción de moléculas que se unen a las hormonas sexuales de circulación sanguínea, cumpliendo la función de activarlas cuando sea necesario.",
500,,"de igual forma, los veganos disfrutan de vidas más largas y saludables en comparación con aquellos que consumen carne.","los veganos gozan de mayor longevidad y salud, en contra de la longevidad de una persona carnívora.",
501,,esta es una opción definitivamente muy saludable que trae consigo inmensos beneficios.,optar por este estilo de vida trae consigo una considerable cantidad de beneficios.,
502,,una dieta de este tipo por cinco días puede ayudar a ver cómo un cambio en nuestra alimentación puede ser un nuevo inicio para una vida llena de energía.,el inicio de un mejor estilo de vida lleno de energía puede notarse incluso con tan solo cinco días de someterse a este tipo de dieta.,
503,,"el consumo de estos alimentos ha ido en aumento por los estilos de vida que se han ido adquiriendo y son accesibles, en general.","este tipo de alimentación va en aumento, pues este estilo de vida ha sido más fácil de adquirir.",
504,,"otra ventaja es que no se debe esperar mucho tiempo para cocinar los alimentos, aunque también se pueden preparar platos delicados, divertidos y sorprendentes y crear delicias.","sumándose a las bondades, está el no requerir de lapsos largos para la cocción de los alimentos. de igual manera, pueden lograrse gran variedad de platillos, desde los divertidos hasta los gourmets.",
505,,"aunque no sólo el cuerpo sale beneficiado, pues es posible proteger el medio ambiente porque se requiere menos energía y tierras de cultivo para alimentar a un vegano.","no solo nuestro organismo recibe beneficios, de igual forma, el medio ambiente, pues la dieta vegana ayuda a reducir el uso de energía y el uso de tierras para el cultivo.",
506,,"las enfermedades transmitidas por los alimentos, las bacterías, los parásitos y las toxinas químicas son más comunes en carnes comerciales.","las afecciones  que son transmitidas por los alimentos a partir de parásitos, bacterias, y toxinas químicas son más frecuentes en carnes comerciales.",
507,,una alimentación enteramente sin carne o producto animal tienen un gran potencial para evitar las causas de mortalidad más frecuentes en europa.,"una dieta completamente vegana o sin productos cárnicos tiene una gran posibilidad para disminuir las causas de mortalidad más comunes en europa, siendo más fácil prevenir distintos tipos de padecimientos como los del corazón.",
508,,una dieta de este tipo por cinco días puede ayudar a ver cómo un cambio en nuestra alimentación puede ser un nuevo inicio para una vida llena de energía.,"llevar un régimen alimentario por sólo cinco días nos puede servir para observar un cambio en nuestra alimentación y cómo puede representar un nuevo comienzo para una vida llena de energía, sin olvidar también el cuidado de nuestra piel.",
509,,"el consumo de estos alimentos ha ido en aumento por los estilos de vida que se han ido adquiriendo y son accesibles, en general.","la dieta vegana se ha ido popularizando debido a los estilos de vida que se han ido adaptando, además de que en general son para todas las personas.",
510,,"incluso los gastos de producción, el transporte y otros procesos involucrados desde la granja a la mesa son elementos detonantes.","inclusive los gastos de producción, medios de transporte y otros procedimientos envueltos, desde la granja a la mesa son elementos importantes.",
511,,"la dieta común de las personas consiste en carnes, frutas, vegetales y todo cuanto sea comestible y se encuentre a nuestro alcance.","la mayoría de las personas tienen dietas comunes que incluyen carnes, frutas, vegetales y en general todo lo comestible que está a nuestro alcance.",
512,,"sin embargo, para cuidar de la salud, se deberían comer ciertos alimentos y restringir otros cuantos.","no obstante, para tener una dieta saludable se deberían restringir algunos alimentos y procurar otros.",
513,,"estas dietas tienen un alto valor nutricional, pero en ausencia de carne, es vital e importante asegurarse de consumir todas las cantidades correctas de proteínas.","este tipo de dieta tiene un alto contenido de nutrientes, aunque, al carecer de carne, es de suma importancia asegurarse de obtener las cantidades adecuadas de proteína.",
514,,la dieta vegana desempeña un papel relevante en la reducción de ataques de migraña porque estas se relacionan a menudo con alimentos como el chocolate y el queso.,"esta dieta también desempeña un papel importante en cuanto a los ataques de migraña, presentando una menor cantidad de estos debido a su relación con alimentos como el chocolate y el queso, que se evitan en el estilo de vida vegano.",
515,,"el cuidado de la piel también es un factor a tomar en cuenta, pues la vitamina c dan como resultado una piel más lozana.",esta dieta también tiene un gran impacto en nuestra piel ya que la vitamina c provoca una piel con apariencia más joven.,
516,,"además, tienen más de ciertas moléculas que se unen a las hormonas sexuales que circulan en la sangre y tienen la función de mantenerlas inactivas hasta que se necesiten.","las personas veganas tienen en su sangre una mayor cantidad de moléculas que, al unirse con hormonas sexuales, tienen la función de mantenerlas inactivas hasta que sean requeridas.",
517,,"aunque no sólo el cuerpo sale beneficiado, pues es posible proteger el medio ambiente porque se requiere menos energía y tierras de cultivo para alimentar a un vegano.","la producción de carne y otros productos animales implica un alto consumo de energías, tierras de cultivo, agua y alimentos para los animales, lo cual supone una pesada carga ambiental para el planeta.",
518,,"quizá la forma de comercio sea más particular de las ciudades, incluyendo la ciudad de méxico, pero los productos son procedentes de áreas agrícolas del interior de la república.","quizá la forma de comercio sea más propia de espacios urbanos con alta densidad de población, incluyendo la ciudad de méxico, aunque los productos provengan de áreas rurales del interior del país.",
519,,"los camoteros de la ciudad ofrecen generalmente frutos de piel púrpura y pulpa blanca, aunque también hay amarillos.","aunque en méxico se les conoce como camoteros por vender frutos de piel purpura y pulpa blanca, que también pueden ser amarillos, no son camotes lo único que venden, también ofrecen plátanos macho y nopal horneado.",
520,,"salidos del horno, estos barrocos alimentos se sirven al consumidor con una cobertura que puede incluir leche condensada, mermelada, chocolate, entre otras cosas.","el tiempo de cocción depende de la temperatura que alcance la caldera, la misma que también varía en función de la velocidad con que es empujado el carrito, pues este horno rodante funciona a base de leña.",
521,,"hay que decir que ésta varía también en función de la velocidad con que es empujado el carrito, pues este horno rodante funciona alimentado por leña.",los cajones del carrito deben ser tapados por una cama de cáscaras de plátano para lograr mantener húmedo el producto y lograr la cocción y la buena temperatura.,
522,,"para lograr la cocción y la buena temperatura, los cajones del carrito deben estar cubiertos por una cama de cáscaras de plátano que sirve para mantener húmedo el producto.","las 3 ruedas tienen un centro metálico para soportar el peso, el cual puede llegar hasta los trescientos kilogramos, y que están forradas de hule o caucho vulcanizado para resistir la fricción.",
523,,las tres ruedas tienen alma metálica para soportar el peso y están forradas de hule o caucho vulcanizado para contrarrestar la fricción.,el vendedor ambulante impulsa el carrito de los camotes para moverse entre las calles de la ciudad y vender su producto.,
524,,"en la parte alta del carrito, existe una superficie que el camotero utiliza para colocar los aderezos, poner al alcance de la mano las monedas y preparar sus productos.","en la parte superior del carrito, existe un espacio que el camotero utiliza para colocar los aderezos, preparar sus productos y tener al alcance de la mano el dinero.",
525,,el vendedor ambulante empuja el carrito de los camotes para trasladarse entre las calles de la ciudad y comercializar su producto.,"salidos del horno, estos alimentos se preparan al cliente con una cobertura que puede incluir leche condensada, mermelada, chocolate, entre otras cosas dulces.",
526,,"como el carrito mantiene el calor, el vapor que genera es empleado para silbar fuerte y distintivamente.","como el carrito mantiene el calor, el vapor que produce es utilizado para silbar con fuerza y distintivamente.",
527,,"dentro, los frutos cocidos se mantienen calientes y, por consiguiente, listos para ser consumidos.","el modo en el que se comercializan es, posiblemente, más propio de las ciudades —entre ellas la capital del país— sin embargo, son las zonas agrícolas del interior de la república las que producen dichos productos.",
528,,"los camotes y los plátanos son servidos en una servilleta de papel sobre platos desechables. suelen comerse con crema de leche azucarada, canela en polvo y se acompañan con leche.","si bien en méxico se les llama camoteros, los camotes no son el único producto que ofertan los carritos; entre sus opciones también se incluyen los plátanos machos y el nopal horneado.",
529,,a los plátanos y los camotes preparados de esta forma y consumidos como postres se les puede considerar parte de la gastronomía mexicana.,"para resistir la fricción, la triada de ruedas de estructura metálica que soporta el peso de carrito está recubiertas de hule o caucho vulcanizado.",
530,,"quizá la forma de comercio sea más particular de las ciudades, incluyendo la ciudad de méxico, pero los productos son procedentes de áreas agrícolas del interior de la república.",el vapor que se produce por el calor contenido en el carrito ocasiona su estridente y característico silbido.,
531,,"aunque en méxico se les conoce como camoteros, no son camotes lo único que vende: ofrece también plátanos machos y el nopal es horneado.",los comestibles pasan entre treinta y sesenta minutos en el horno del carrito hasta que alcanzan su cocción ideal; el tiempo depende de la potencia de la caldera.,
532,,"los camoteros de la ciudad ofrecen generalmente frutos de piel púrpura y pulpa blanca, aunque también hay amarillos.",la humedad del producto se mantiene gracias a un recubrimiento de cáscaras de plátano sobre los cajones que almacenan el producto; esto garantiza la temperatura y cocción adecuadas.,
533,,"salidos del horno, estos barrocos alimentos se sirven al consumidor con una cobertura que puede incluir leche condensada, mermelada, chocolate, entre otras cosas.","en su interior, los comestibles cocidos conservan su cálida temperatura, y en consecuencia listos para degustarse.",
534,,plátanos y camotes se cuecen en ese artefacto rodante en un tiempo que oscila entre los treinta y los sesenta minutos dependiendo de la temperatura que alcance la caldera.,"el camotero dispone los aderezos sobre una plancha en la parte superior del carrito, donde también finaliza la preparación de los productos y guarda cambio en monedas.",
535,,"para lograr la cocción y la buena temperatura, los cajones del carrito deben estar cubiertos por una cama de cáscaras de plátano que sirve para mantener húmedo el producto.","a pesar de la existencia de camotes amarillos, la especie de camote que se encuentra con mayor frecuencia entre los camoteros de la ciudad es la de piel púrpura y pulpa blanca.",
536,,las tres ruedas tienen alma metálica para soportar el peso y están forradas de hule o caucho vulcanizado para contrarrestar la fricción.,"los complementos que el consumidor puede elegir como cobertura de estos postres, una vez horneados, van desde la leche condensada hasta el chocolate, dentro de una amplia variedad de otros aderezos.",
537,,"en la parte alta del carrito, existe una superficie que el camotero utiliza para colocar los aderezos, poner al alcance de la mano las monedas y preparar sus productos.","en una servilleta de papel, sobre un plato desechable se sirven los frutos. es común comerlos con crema azucarada y canela, y beber leche para acompañarlos.",
538,,"como el carrito mantiene el calor, el vapor que genera es empleado para silbar fuerte y distintivamente.","considerados como postres, los plátanos y los camotes preparados de esta manera forman parte del acervo gastronómico de méxico.",
539,,"a pesar de las dificultades y la disminución de las ventas con el tiempo, los camoteros son un dulce oficio que se resiste a extinguirse.",pocas situaciones pueden equipararse al sentimiento de encontrar en un paseo nocturno un camote revestido de leche o mermelada.,
540,,no hay muchas sensaciones que se comparen al hecho de salir por la noche y ver cómo preparan un camote con leche o mermelada.,"asimismo, disfrutar de la vista de las luces que acarician la avenida, mientras entra por tus fosas nasales el exquisito olor proveniente del carrito.",
541,,"méxico tiene una amplia gama de tradiciones y costumbres. una bastante común en las ciudades es la del carrito de los camotes, identificado por su particular silbido.","las tradiciones y costumbres mexicanas son muy variadas. una de ellas, muy común en las ciudades, es el carrito de camotes que se anuncia con un silbido particular.",
542,,a los plátanos y los camotes preparados de esta forma y consumidos como postres se les puede considerar parte de la gastronomía mexicana.,esta preparación particular de camotes y plátanos forma parte de la rica gastronomía mexicana.,
543,,"quizá la forma de comercio sea más particular de las ciudades, incluyendo la ciudad de méxico, pero los productos son procedentes de áreas agrícolas del interior de la república.","a pesar de que a los vendedores que ofrecen este rico postre se les conoce como camoteros, también ofrecen plátano macho e incluso nopales horneados.",
544,,"aunque en méxico se les conoce como camoteros, no son camotes lo único que vende: ofrece también plátanos machos y el nopal es horneado.","la tradición de los camotes es sin duda mestiza, ya que los plátanos, originalmente asiáticos, fueron introducidos en las canarias antes de llegar a la américa continental.",
545,,"se trata de una tradición gastronómica mestiza, pues los plátanos son de origen asiático, originalmente introducido en las islas canarias que llegó a la américa continental.","por otro lado, el cultivo del camote estaba extendido por todo el continente desde tiempos anteriores a la conquista.",
546,,"por su parte, el camote es un tubérculo cuyo cultivo estaba extendido por todo el continente antes de la conquista.","a pesar de que este negocio es muy común en las urbes como la ciudad de méxico, sus productos provienen de las zonas rurales al interior de la república.",
547,,"los camoteros de la ciudad ofrecen generalmente frutos de piel púrpura y pulpa blanca, aunque también hay amarillos.","los camoteros citadinos por lo general ofrecen camotes de piel púrpura y pulpa blanca, aunque también existe una variedad amarilla.",
548,,plátanos y camotes se cuecen en ese artefacto rodante en un tiempo que oscila entre los treinta y los sesenta minutos dependiendo de la temperatura que alcance la caldera.,"los plátanos y los camotes se cuecen en un horno de leña al interior del carrito en un tiempo estimado entre treinta y sesenta minutos, dependiendo de la temperatura que alcance la caldera.",
549,,"hay que decir que ésta varía también en función de la velocidad con que es empujado el carrito, pues este horno rodante funciona alimentado por leña.",cabe mencionar que la temperatura del horno depende a su vez de la velocidad a la que empuje el camotero.,
550,,"para lograr la cocción y la buena temperatura, los cajones del carrito deben estar cubiertos por una cama de cáscaras de plátano que sirve para mantener húmedo el producto.","para alcanzar una temperatura adecuada y una cocción perfecta, los cajones se cubren con una cama de cáscara de plátano, de este modo los productos se mantienen húmedos.",
551,,las tres ruedas tienen alma metálica para soportar el peso y están forradas de hule o caucho vulcanizado para contrarrestar la fricción.,el vapor que genera el horno se utiliza para producir el característico silbido que los distingue.,
552,,a los plátanos y los camotes preparados de esta forma y consumidos como postres se les puede considerar parte de la gastronomía mexicana.,"si bien se les suele llamar camoteros, su venta no se limita a este producto: también se vende plátano macho, como se mencionó antes, y nopal al horno.",
553,,"aunque en méxico se les conoce como camoteros, no son camotes lo único que vende: ofrece también plátanos machos y el nopal es horneado.","podríamos decir que los platillos que se sirven y degustan de esta manera forman parte de la comida típica de méxico, una costumbre resultante de la colonia.",
554,,"por su parte, el camote es un tubérculo cuyo cultivo estaba extendido por todo el continente antes de la conquista.","si hablamos del camote, este ya era bastante común en américa antes de la llegada de los europeos.",
555,,"los camoteros de la ciudad ofrecen generalmente frutos de piel púrpura y pulpa blanca, aunque también hay amarillos.","los camoteros suelen vender una variedad blanca, pero también existen los amarillentos.",
556,,"salidos del horno, estos barrocos alimentos se sirven al consumidor con una cobertura que puede incluir leche condensada, mermelada, chocolate, entre otras cosas.","ambos platillos, una vez horneados, son cubiertos de crema de leche dulce, jalea de fruta o alguna salsa dulce.",
557,,"hay que decir que ésta varía también en función de la velocidad con que es empujado el carrito, pues este horno rodante funciona alimentado por leña.","para tenerse en condiciones óptimas, los contenedores del artefacto deben recubrirse con una capa de piel de plátano.",
558,,"para lograr la cocción y la buena temperatura, los cajones del carrito deben estar cubiertos por una cama de cáscaras de plátano que sirve para mantener húmedo el producto.","ya que la caldera de este artefacto opera quemando madera, la rapidez a la que avance también afecta la temperatura.",
559,,"en realidad, se trata de pequeños vehículos metálicos y de tracción humana cuyo peso puede llegar hasta los 300 kilogramos.","esto para ayudar a mover estos artefactos móviles de metal y tamaño reducido, hechos para ser empujados, que pueden alcanzar los 300 kilos.",
560,,"dentro, los frutos cocidos se mantienen calientes y, por consiguiente, listos para ser consumidos.","los productos cocinados se mantienen calientes dentro del carrito, listos para ser consumidos.",
561,,"los camoteros de la ciudad ofrecen generalmente frutos de piel púrpura y pulpa blanca, aunque también hay amarillos.",los camoteros ofrecen frutos de piel purpura y pulpa blanca o amarilla.,
562,,"salidos del horno, estos barrocos alimentos se sirven al consumidor con una cobertura que puede incluir leche condensada, mermelada, chocolate, entre otras cosas.","los alimentos salen del horno y se sirven al consumidor cubiertos de leche condensada, mermelada, o chocolate.",
563,,"para lograr la cocción y la buena temperatura, los cajones del carrito deben estar cubiertos por una cama de cáscaras de plátano que sirve para mantener húmedo el producto.",los cajones del carrito deben cubrirse con una cama de cascaras de plátano para mantener la humedad y temperatura que aseguren la cocción.,
564,,el carrito está fabricado primordialmente de acero; es prácticamente cilíndrico y se le han incorporado ruedas.,el carrito de camotes es de forma cilíndrica con ruedas y está fabricado de acero.,
565,,"en la parte alta del carrito, existe una superficie que el camotero utiliza para colocar los aderezos, poner al alcance de la mano las monedas y preparar sus productos.","el carrito tiene una superficie ubicada en su parte alta, sirve para poner los aderezos, alcanzar las monedas y preparar sus productos.",
566,,el vendedor ambulante empuja el carrito de los camotes para trasladarse entre las calles de la ciudad y comercializar su producto.,el camotero empuja el carrito de los camotes para trasladarse entre las calles de la ciudad y vender sus productos.,
567,,"como el carrito mantiene el calor, el vapor que genera es empleado para silbar fuerte y distintivamente.",el vapor producido por el calor al interior del vehículo es empleado para emitir su característico silbido.,
568,,"a pesar de las dificultades y la disminución de las ventas con el tiempo, los camoteros son un dulce oficio que se resiste a extinguirse.",algo atrayente de comerlos es que el distintivo sonido se escucha principalmente a las primeras horas de la noche.,
